"Category","Continuing students","New students"
"China",137583,23332
"India",98549,13137
"Nepal",56621,4497
"Vietnam",28258,3075
"Bangladesh",22835,5203
"Indonesia",19329,3103
"Philippines",20377,1674
"Colombia",18193,757
"Pakistan",16140,1429
"Sri Lanka",15653,1892
"Brazil",13897,1954
"Thailand",13525,947
"Korea Republic of (South)",9847,2823
"Malaysia",10169,2042
"Taiwan",8503,1730
"Bhutan",8582,1391
"Hong Kong SAR",8225,1617
"Japan",5985,2790
"Kenya",7265,1497
"Singapore",5058,1153
"United States of America",2610,3443
"Mongolia",4428,331
"Cambodia",3705,958
"Chile",3543,640
"Canada",2528,1233